[
   {
      "id": "120363298059318712@g.us",
      "text": "Haii kak, pesanan kamu sedang di proses min chi yaap ka @user , berikut detail pesanan kamu!\n\n- @user \n- @pesanan\n- @jam\n- @tanggal"
   },
   {
      "id": "6289635600871-1636093044@g.us",
      "text": "| 𝐏𝐞𝐬𝐚𝐧𝐚𝐧 𝐬𝐞𝐠𝐞𝐫𝐚 𝐝𝐢 𝐩𝐫𝐨𝐬𝐞𝐬 𝐲𝐚 𝐝𝐞𝐚𝐫 😉 \n𝐌𝐨𝐡𝐨𝐧 𝐛𝐞𝐫𝐬𝐚𝐛𝐚𝐫 𝐦𝐞𝐧𝐮𝐧𝐠𝐠𝐮 𝐚𝐧𝐭𝐫𝐢𝐚𝐧\n\n » @user\n » @pesanan\n » @Jam\n » @tanggal"
   },
   {
      "id": "120363210457402517@g.us",
      "text": "𝘱𝘦𝘴𝘢𝘯𝘢𝘯𝘮𝘶 𝘴𝘦𝘥𝘢𝘯𝘨 𝘬𝘢𝘮𝘪 𝘱𝘳𝘰𝘴𝘦𝘴 𝘮𝘰𝘩𝘰𝘯 𝘣𝘦𝘳𝘴𝘢𝘣𝘢𝘳…🐈‍⬛ ྀི ˎˊ˗"
   },
   {
      "id": "120363048860743909@g.us",
      "text": "𝗽𝗲𝘀𝗮𝗻𝗮𝗻 𝘀𝗲𝗱𝗮𝗻𝗴 𝗱𝗶 𝗽𝗿𝗼𝘀𝗲𝘀 𝗵𝗮𝗿𝗮𝗽 𝘁𝘂𝗻𝗴𝗴𝘂"
   },
   {
      "id": "120363323731558563@g.us",
      "text": "*_Halo! Pesanan kaka sedang di proses yaa😸_*\n\n@user\n@pesanan\n@jam\n@tanggal"
   },
   {
      "id": "120363206022068649@g.us",
      "text": "@6281260137417"
   },
   {
      "id": "120363224426364506@g.us",
      "text": "❝ 𝗧𝗥𝗔𝗡𝗦𝗔𝗞𝗦𝗜 𝗣𝗘𝗡𝗗𝗜𝗡𝗚 .ᐟ\n·✦•┈๑⋅⋯——–——⋯⋅๑┈•✦·\n\n ִֶָ☾. 𝗝𝗮𝗺 : @jam\n ִֶָ☾. 𝗧𝗮𝗻𝗴𝗴𝗮𝗹 : @tanggal\n ִֶָ☾. 𝗦𝘁𝗮𝘁𝘂𝘀 : 𝗽𝗿𝗼𝘀𝗲𝘀\n\nⓘ 𝐏𝖾𝗌α𐓣α𐓣 𝗌𝖾ᑯα𐓣𝗀 ᑯ𝗂 ρ𝗋ⱺ𝗌𝖾𝗌 α𝗂𝗃𝗃αα 𝗒αααω @user\n\n𐚁๋࣭⭑ֶָ֢ 𝗖𝗮𝘁𝗮𝘁𝗮𝗻 : @pesanan"
   }
]