[
   {
      "id": "120363288452465794@g.us",
      "text": "Welcome bub😻@user di A͟n͟v͟y͟ ͟S͟t͟o͟r͟e͟𐙚\njajann yang banyaaaa iaaww🤗🌈\nSalam dari etmin🙂‍↔"
   },
   {
      "id": "120363273859232567@g.us",
      "text": "halo kaa @⁨user 🙌🏻\n\n ˚ʚ ketik { 𝗅𝗂𝗌𝗍 } untuk melihat menu\n ˚ʚ testi bisa cek di desk grub \n ˚ʚ betah betah yaa, baca rules sblum order ♡\n\nowner : wa.me/6285936570226\n\n𐙚 .. enjoy guys ᡣ • . • 𐭩 ♡"
   },
   {
      "id": "120363207103863199@g.us",
      "text": "*HALLO KAK*@user\n*SELAMAT BERGABUNG DI*@group \n\n➣ KETIK *.list* UNTUK MENAMPILKAN DAFTAR MENU.\n\n➣ KETIK *CARA ORDER* UNTUK PANDUAN.\n\n➣ KETIK *PAYMENT* UNTUK PEMBAYARAN.\n\n*🚫PERATURAN🚫*\n\n• TANYAKAN KETERSEDIAAN STOK TERLEBIH DAHULU SEBELUM ORDER/MEMBELI.\n• COMPLAIN / CLAIM GARANSI CHAT ADMIN.\n• JIKA PESANAN BELUM DIPROSES 10 MENIT TAG ADMIN.\n• TIDAK DI IZINKAN PROMOSI.\n• TIDAK DI IZINKAN MENAWARKAN KE SESAMA MEMBER.\n• TIDAK DI IZINKAN MENCARI REFFERAL/WTA/WTB/WTS.\n• MEMBELI = SETUJU\n(NO-REFFUND)\n• LEFT GRUP/GANTI NOMOR TANPA KONFIRMASI MAKA GARANSI AKAN HANGUS."
   },
   {
      "id": "120363228472693691@g.us",
      "text": "aloo @user selamat datang d ciaa store 🌷"
   },
   {
      "id": "120363298059318712@g.us",
      "text": "HAII HAII @user, selamat datang yaa di @group, semoga betah yaa disini (^-^)/"
   },
   {
      "id": "120363301043049139@g.us",
      "text": "```𝐖𝐞𝐥𝐜𝐨𝐦𝐞 𝐭𝐨 ᥣᥡᥲᥲ s𝗍᥆rᥱ ♡ ࣪ 𝅄``` || 𝐖𝐃𝐏 𝐈𝐃 𝟐𝟔𝐊//𝐒𝐋 𝟑𝟓𝐤 𝐒𝐞𝐥𝐚𝐦𝐚𝐭 𝐛𝐞𝐫𝐛𝐞𝐥𝐚𝐧𝐣𝐚🤗"
   },
   {
      "id": "6289635600871-1636093044@g.us",
      "text": "𝐇𝐨𝐥𝐥𝐚 𝐰𝐞𝐥𝐜𝐨𝐦𝐞 𝐭𝐨 𝑺𝒌𝒚𝒍𝒊𝒏𝒆 𝑺𝒕𝒐𝒓𝒆 ᯓ★\n\n𝐒𝐋 𝟑𝟓𝐊 ┃𝐀𝐏𝐊 𝐏𝐑𝐄𝐌 ┃ 𝐖𝐃𝐏 𝟐𝟓𝐊 ✔ \n\n𝐊𝐞𝐭𝐢𝐤 *𝐥𝐢𝐬𝐭* 𝐮𝐧𝐭𝐮𝐤 𝐦𝐞𝐥𝐢𝐡𝐚𝐭 𝐦𝐞𝐧𝐮 𝐲𝐚𝐧𝐠 𝐚𝐝𝐚. 𝐊𝐞𝐭𝐢𝐤 𝐦𝐞𝐧𝐮 𝐲𝐚𝐧𝐠 𝐝𝐢 𝐢𝐧𝐠𝐢𝐧𝐤𝐚𝐧 𝐮𝐧𝐭𝐮𝐤 𝐦𝐞𝐧𝐚𝐦𝐩𝐢𝐥𝐤𝐚𝐧 𝐩𝐫𝐢𝐜𝐞𝐥𝐢𝐬𝐭. 𝐊𝐞𝐭𝐢𝐤 𝐩𝐚𝐲𝐦𝐞𝐧𝐭 𝐣𝐢𝐤𝐚 𝐢𝐧𝐠𝐢𝐧 𝐦𝐞𝐥𝐚𝐤𝐮𝐤𝐚𝐧 𝐭𝐫𝐚𝐧𝐬𝐚𝐤𝐬𝐢 𝐩𝐞𝐦𝐛𝐚𝐲𝐚𝐫𝐚𝐧. \n\n🚫 𝐇𝐚𝐫𝐚𝐩 𝐛𝐚𝐜𝐚 𝐝𝐞𝐬𝐤𝐫𝐢𝐩𝐬𝐢 𝐠𝐫𝐮𝐛. 𝐏𝐚𝐭𝐮𝐡𝐢 𝐚𝐭𝐮𝐫𝐚𝐧 𝐲𝐚𝐧𝐠 𝐚𝐝𝐚. 𝐁𝐢𝐥𝐚 𝐚𝐝𝐚 𝐲𝐚𝐧𝐠 𝐦𝐞𝐥𝐚𝐧𝐠𝐠𝐚𝐫 𝐚𝐤𝐚𝐧 𝐝𝐢 𝐤𝐢𝐜𝐤 𝐝𝐚𝐧 𝐝𝐢𝐤𝐢𝐫𝐢𝐦 𝐯𝐢𝐫𝐭𝐞𝐱‼️"
   },
   {
      "id": "120363299344752141@g.us",
      "text": "౨ৎ ⋆ ｡˚ welcome @user bubyyes to 𝚕𝚒𝚘𝚗 𝚜𝚝𝚘𝚛𝚎 ౨ৎ ⋆ ｡˚\nhappy shopping thank you for join💘"
   },
   {
      "id": "120363305407024180@g.us",
      "text": "hallo @user welcome to @group jangan lupa baca desk terlebih dahulu"
   },
   {
      "id": "120363323731558563@g.us",
      "text": "𝓘𝓻𝓪𝓼𝓼𝓱𝓪𝓲𝓶𝓪𝓼𝓮 🐱\n\nHalo kak @user ^^, selamat datang di @group ✧･ﾟ\n\n𝙆𝙚𝙩𝙞𝙠 .𝙡𝙞𝙨𝙩 / 𝙡𝙞𝙨𝙩 𝙪𝙣𝙩𝙪𝙠 𝙢𝙚𝙡𝙞𝙝𝙖𝙩 𝙞𝙩𝙚𝙢𝙡𝙞𝙨𝙩 𝙙𝙖𝙣 𝙥𝙧𝙞𝙘𝙚𝙡𝙞𝙨𝙩 𝙙𝙞 𝐂𝐡𝐞𝐞𝐳𝐲 𝐬𝐡𝐨𝐩^ \n\n𝚜𝚎𝚕𝚊𝚖𝚊𝚝 𝚓𝚊𝚓𝚊𝚗 ────ദ്ദി(˵ •̀ ᴗ - ˵ ) ✧\n\n`contact person`\n> owner : sserra = 3101 \n\n\n𓇼 ⋆.˚ 𓆉 𓆝 𓆡⋆.˚ 𓇼⋆.˚ 𓆉 𓆝 𓆡⋆.˚ 𓇼"
   },
   {
      "id": "6283842068558-1579493859@g.us",
      "text": "Hello, @user Thank you for joining the group @group"
   },
   {
      "id": "120363324603327829@g.us",
      "text": "Halo Kak @user, Welcome to @group \n\nUntuk cara order dan informasi selengkapnya bisa cek deskripsi grup dulu ya🥰"
   },
   {
      "id": "120363312226723442@g.us",
      "text": "Halo @user, selamat datang di @group\n\nKetik *list* untuk melihat produk.\nKetik *payment* untuk melakukan pembayaran.\n\n⚠️ *JANGAN LUPA BACA DESKRIPSI GROUP*"
   },
   {
      "id": "120363288255735172@g.us",
      "text": "@user ᥕᥱᥣᥣᥴ᥆mᥱ 𝗍᥆ ᥆ᥣі᥎ᥱ s𝗍᥆rᥱ✨✨\n\nһᥲᥡ ᥡᥲᥒg ᑲᥲrᥙ mᥲsᥙk ȷᥲᥒgᥲᥒ ᥣᥙ⍴ᥲ ᥆rძᥱr ძі ᥆ᥣі᥎ᥱ s𝗍᥆rᥱ ᥡᥲ😍😍\n𝗍һᥲᥒk ᥡ᥆ᥙ...💗"
   },
   {
      "id": "120363296346323062@g.us",
      "text": "*🍵⋆｡°Welcome°⋆. ࿔*:･*\nJangan lupa untuk memperkenalkan diri terlebih dahulu yah!\n\nNama:\nAsal Kota:\nSekolah/Kerja:\n\nNote:\n˚⊱🪷⊰˚ Kimcy juga menyediakan beberapa jasa yah, dari top up all games, app prem, am, sosmed dll dengan harga murah meriah. \n˚⊱🪷⊰˚ Kimci izin untuk save nomor kamu yah.\n˚⊱🪷⊰˚ Jangan lupa ikuti Channel Kimci ataupun Instagram. Link ada di bio grup.\n˚⊱🪷⊰˚ Jangan lupa ikut serta di Roomtour Free & dll.\n˚⊱🪷⊰˚ Semoga betah._welcome"
   },
   {
      "id": "120363355957266881@g.us",
      "text": "˙˚∘ ๑ . ʚɞ ˙˚ ୨୧ . 💒\nhaloo selamat datang di strawberries store!!!. \nȷᥲᥒgᥲᥒ ᥣᥙ⍴ᥲ ᥣіһᥲ𝗍 rᥙᥣᥱs gr᥆ᥙ⍴ ᥡᥲᥲ! ძі ᑲі᥆\n\n˙˚ һᥲ⍴⍴ᥡ sһ᥆⍴⍴іᥒg! ˚˙"
   },
   {
      "id": "120363112645266399@g.us",
      "text": "SELAMAT DATANG DI MAFIA LADIES👿\n\nISI FORMAT \n\nNama : \nNickname lama : \nNickname baru : \nID :\nDomisili : \nTtl : \nMotto :\n\nJANGAN LUPA BACA RULES DI BIO"
   }
]