[
   {
      "id": "120363025772115020@g.us",
      "text": "Haallo Kak Selamat Datang Di Rii Store"
   },
   {
      "id": "120363224426364506@g.us",
      "text": "*kangen ya?*"
   },
   {
      "id": "120363283872916986@g.us",
      "text": "iyaa kenapa cantik?"
   },
   {
      "id": "120363210457402517@g.us",
      "text": "iyaa kenapaa sayangg🤭"
   },
   {
      "id": "120363288255735172@g.us",
      "text": "apaa? bot dah nyala yaa😤"
   },
   {
      "id": "120363356665073599@g.us",
      "text": "*_Halo Kakak SILAHKAN KETIK `LIST` UNTUK MELIHAT BERBAGAI PRODUK KAMI_*\n\nJika ada yang ingin di tanyakan silahkan hubungi owner dengan ketik `OWNER`\n\n@jam\n@tanggal\n\nBy : @bot"
   }
]