[
   {
      "id": "120363048860743909@g.us",
      "text": "𝗽𝗲𝘀𝗮𝗻𝗮𝗻 𝘀𝘂𝗱𝗮𝗵 𝗱𝗶 𝗽𝗿𝗼𝘀𝗲𝘀 𝗼𝗹𝗲𝗵 𝗮𝗱𝗺𝗶𝗻 𝗿𝘃𝗲, 𝘀𝗶𝗹𝗮𝗵𝗸𝗮𝗻 𝗰𝗲𝗸 📍"
   },
   {
      "id": "120363298059318712@g.us",
      "text": "kaak @user, pesanannya sudah selesai yaa ka, silahkan di check!"
   },
   {
      "id": "6289635600871-1636093044@g.us",
      "text": "setdone | 𝐏𝐞𝐬𝐚𝐧𝐚𝐧 𝐬𝐞𝐠𝐞𝐫𝐚 𝐝𝐢 𝐩𝐫𝐨𝐬𝐞𝐬 𝐲𝐚 𝐝𝐞𝐚𝐫 😉 \n𝐌𝐨𝐡𝐨𝐧 𝐛𝐞𝐫𝐬𝐚𝐛𝐚𝐫 𝐦𝐞𝐧𝐮𝐧𝐠𝐠𝐮 𝐚𝐧𝐭𝐫𝐢𝐚𝐧\n\n » @user\n » @pesanan\n » @Jam\n » @tanggal"
   },
   {
      "id": "120363210457402517@g.us",
      "text": "*ੈ✩‧₊˚ 𝘩𝘢𝘭𝘰 𝘬𝘢𝘬 @user ✮⋆˙.ᐟ.ᐟ𝘱𝘦𝘴𝘢𝘯𝘢𝘯 𝘬𝘢𝘮𝘶 𝘴𝘶𝘥𝘢𝘩 𝘮𝘢𝘴𝘶𝘬, 𝘺𝘶𝘬 𝘤𝘦𝘬 𝘴𝘦𝘬𝘢𝘳𝘢𝘯𝘨! ִֶָ𓂃 ࣪˖ ִֶָ🐇་༘࿐\n-𝘵𝘦𝘳𝘪𝘮𝘢𝘬𝘢𝘴𝘪𝘩 𝘵𝘦𝘭𝘢𝘩 𝘰𝘳𝘥𝘦𝘳 𝘥𝘢𝘯 𝘫𝘢𝘯𝘨𝘢𝘯 𝘭𝘶𝘱𝘢 𝘬𝘦𝘮𝘣𝘢𝘭𝘪 𝘭𝘢𝘨𝘪⋆.˚🦋༘⋆\n\nᨳ₊˚ 𝙫𝙚𝙮𝙮 ⭒ 𝙩𝙤𝙥 𝙪𝙥 ·˚ ☽₊ ⊹"
   },
   {
      "id": "120363323731558563@g.us",
      "text": "Done @user\n\n*_haloo kakaaa @user pesanannya sudah selesai yaa😸 terimakasii sudah jajan disiniii🫶🏻 nanti balik lagi yaaa_*"
   },
   {
      "id": "120363224426364506@g.us",
      "text": "❝ 𝗧𝗥𝗔𝗡𝗦𝗔𝗞𝗦𝗜 𝗕𝗘𝗥𝗛𝗔𝗦𝗜𝗟 .ᐟ\n·✦•┈๑⋅⋯——–——⋯⋅๑┈•✦·\n\n ִֶָ☾. 𝗝𝗮𝗺 : @jam\n ִֶָ☾. 𝗧𝗮𝗻𝗴𝗴𝗮𝗹 : @tanggal\n ִֶָ☾. 𝗦𝘁𝗮𝘁𝘂𝘀 : 𝗱𝗼𝗻𝗲\n\n𐚁๋࣭⭑ֶָ֢ 𝗖𝗮𝘁𝗮𝘁𝗮𝗻 : @pesanan\n\nⓘ 𝐓𝖾𝗋𝗂ꭑα𝗄α𝗌𝗂ɦ @user 𐓣𝖾𝗑𝗍 ⱺ𝗋ᑯ𝖾𝗋 𝗒ααα •ᴗ•"
   }
]