{
    "title": "PILIHAN ALL MENU",
    "sections": [
    {
        "title": "MENU STORE 🔓 & ✅",
        "highlight_label": "",
        "rows": [
            {
                "header": "Nomor Owner",
                "title": "Pemilik Bot",
                "id": "owner"
            },
            {
                "header": "Join Grup",
                "title": "Bot Join Ke Grup",
                "id": "join"
            }
        ]
    },
    {
        "title": "MENU TERBARU ✅",
        "highlight_label": "",
        "rows": [
            {
                "header": "Encrypt",
                "title": "Encrypt Pemograman",
                "id": "enc"
            },
            {
                "header": "Chat GPT",
                "title": "Menanyakan Solusi",
                "id": "cgpt"
            }
        ]
    }
    ]
}